sum_sq,df,F,PR(>F)
18334.22542611031,1.0,36.02263425999778,1.963870381189
25270573.49724926,49651.0,14.043472,1.2398364543663
