,sum_sq,df,F,PR(>F)
department_name,485447.3419040655,1.0,971.7573920276214,2.7283084676894525e-211
Residual,24803460.380771305,49651.0,,
