Feature,VIF
salary,1.0016578706186872
performance_score,1.0115412236891659
engagement_index,39.099214673498565
turnover_risk_index,1.0972086896343223
employee_satisfaction_score,39.30429066080035
